{"Albany.": [-36.7270579, 174.6980553], "Auckland Central West.": [-36.848911, 174.7652256], "Mt Wellington South.": [-36.9047927, 174.8351177], "Newmarket.": [-36.8683745, 174.7806181], "Onehunga South East.": [-36.9237924, 174.7857738], "Ormiston.": [-36.9661577, 174.9126717], "Papakura Central.": [-37.05995995, 174.94454204129454], "Parnell West.": [-36.8553969, 174.786445], "Target Road.": [-36.765425, 174.7338518], "Westgate.": [-36.8181783, 174.608984], "Auckland Central East.": [-36.848911, 174.7652256], "Beachlands-Maraetai.": [-36.8864653, 174.99584480370385], "Hamlin.": [-36.909957899999995, 174.83593662184737], "Kelston Central.": [-36.9015651, 174.6650174], "Sandringham North.": [-36.8926471, 174.7360632], "Tuff Crater.": [-36.80249205, 174.75741780001252], "Wade Heads.": [0, 0], "Wesley.": [-36.9008489, 174.7285078], "Birkdale South.": [-36.79611, 174.6947805], "Ellerslie North.": [-36.897603, 174.8150298], "Glen Eden East.": [-36.9146254, 174.6536504], "Grey Lynn East.": [-36.859922, 174.7364178], "Henderson South.": [-36.8805554, 174.6333709], "Lynnmall.": [0, 0], "Pukekohe North.": [-37.202369, 174.9057279], "Royal Heights.": [-36.8332032, 174.6304752], "Takapuna Central.": [-36.7878213, 174.7729913], "New Lynn South.": [-36.907819, 174.6849519], "Roberton.": [-36.8909706, 174.6993766], "Karekare.": [-36.9861424, 174.4787488], "Henderson North.": [-36.8805554, 174.6333709], "Manukau Central.": [-37.08645205, 174.72885221196134], "Ambury.": [-36.9495329, 174.77014860666623], "Auckland Harbourside.": [0, 0], "Papakura East.": [-37.05995995, 174.94454204129454], "Mellons Bay.": [-36.884858, 174.9291228], "Herald.": [-36.778243700000004, 174.6584329637845], "Wiri.": [-37.0058167, 174.8655421], "Tangutu.": [0, 0], "Clevedon.": [-36.9910022, 175.0368658], "Takanini South.": [-37.0403264, 174.9195474], "Kaurilands.": [-36.922986, 174.65472402232126], "Manurewa Central.": [-37.0241501, 174.88865968963015], "Redoubt South.": [-36.9865968, 174.8851359], "Dingwall.": [-36.96192295, 174.8585076488837], "Hauraki.": [-36.799144, 174.7820365], "Patumahoe.": [-37.1901246, 174.8281308], "Stanmore Bay East.": [-36.6273281, 174.7372035], "Silverdale South.": [-36.6172495, 174.6781303], "Taupaki.": [-36.8209613, 174.5504354], "Mangere South.": [-36.9741065, 174.7994402], "Mangere East.": [-36.9653466, 174.8223043], "Oratia.": [-36.9109486, 174.6241453], "Blockhouse Bay.": [-36.9197769, 174.70147], "Abbotts Park.": [0, 0], "Eden Terrace.": [-36.8652491, 174.756593], "Kingdale.": [-36.8573094, 174.6246773374496], "Papatoetoe Central.": [-36.9748346, 174.8540428], "Greenmount.": [-36.9307739, 174.9053102], "Royal Oak.": [-36.911995, 174.7761848], "Elsmore Park.": [-36.9003856, 174.8939069], "Middlemore.": [-36.9631248, 174.8390774525505], "Puhinui South.": [-37.0021097, 174.8469485], "Ellerslie South.": [-36.897603, 174.8150298], "Hillsborough West.": [-36.9221753, 174.7532908], "Parrs Park.": [-36.904364099999995, 174.6305342761181], "Silverdale Central.": [-36.6172495, 174.6781303], "Hillpark.": [-37.013748500000005, 174.89876513794516], "Otara South.": [-36.9640945, 174.8769413], "Burswood.": [-36.9241579, 174.8955338], "Sherbourne.": [-36.8751434, 174.7579026], "North Harbour East.": [0, 0], "Mt Eden North.": [-36.87620535, 174.76460616169436], "Penrose.": [-36.9111443, 174.8147813], "Grafton East.": [-36.8622777, 174.767751], "Homai East.": [-37.0134827, 174.8746907], "Epsom North.": [-36.8858447, 174.7734616], "Meadowland.": [-36.91021825, 174.93483220134533], "Papakura South.": [-37.05995995, 174.94454204129454], "Leabank.": [-37.0311947, 174.8886311], "Rongomai.": [-36.9694848, 174.8874099], "Highland Park.": [-36.8967921, 174.9053856], "Lynfield South.": [-36.9273727, 174.7188479], "Cockle Bay.": [-36.9001875, 174.9430254], "Epsom Central.": [-36.8858447, 174.7734616], "Glenavon.": [-36.9100559, 174.70324422301238], "Hingaia.": [-37.0825637, 174.9112973], "Kohuora.": [-36.97999645, 174.841431615008], "Mangere Central.": [-36.9741065, 174.7994402], "Mission Bay.": [-36.8498617, 174.8336447], "Mt St John.": [-36.8837561, 174.7805691], "Otimai.": [0, 0], "Seacliffe.": [-36.8057596, 174.7941917], "Stanmore Bay West.": [-36.6273281, 174.7372035], "Surrey Crescent.": [-36.8625959, 174.7318199], "Viscount.": [-36.9693388, 174.790124], "Wakeling.": [-36.86644845, 174.64934123613494], "Fairdene.": [-36.86498035, 174.62568353189744], "Mt Wellington Domain.": [-36.892589099999995, 174.84656665011863], "Northcote South.": [-36.8028469, 174.7442968], "Papatoetoe East.": [-36.9748346, 174.8540428], "Parnell East.": [-36.8553969, 174.786445], "Point England.": [-36.8847075, 174.8652954], "Point View.": [-36.8433045, 174.65194591997152], "Pukekohe West.": [-37.202369, 174.9057279], "Ranui South.": [-36.8651606, 174.6019233], "Red Hill.": [-37.0669356, 174.9759473], "Remuera West.": [-36.8759344, 174.8014178], "Shelly Park.": [-36.9080825, 174.9516267], "Springleigh.": [-36.8852301, 174.7073582], "St Heliers.": [-36.8534529, 174.8582612], "St Johns.": [-36.8765875, 174.8417411], "St Lukes.": [-36.8839307, 174.7319442], "St Marys.": [-36.852095, 174.7631803], "Stonefields.": [-36.8872621, 174.8418203], "Sunnyhills.": [-36.8996897, 174.8821005], "Sunnyvale.": [-36.896597650000004, 174.63188478727147], "Takanini North.": [-37.0403264, 174.9195474], "Takanini West.": [-37.0403264, 174.9195474], "Tamaki.": [-36.8928, 174.8607643], "Te Atatu Central.": [-36.8640014, 174.6473552], "Te Papapa.": [-36.9196693, 174.7982403], "Torbay.": [-36.7041724, 174.748514], "Unsworth Heights.": [-36.7567911, 174.7118528], "Vipond.": [-36.2336799, 174.5207195], "Waiheke Island.": [-36.7930971, 175.08840102296546], "Waikowhai East.": [-36.9281911, 174.7376122], "Waimumu North.": [-36.8444184, 174.6082852], "Waimumu South.": [-36.8444184, 174.6082852], "Waipareira West.": [-36.8155712, 174.6363318], "Waitaramoa.": [-36.867276700000005, 174.79479962425512], "Waiuku East.": [-37.2490955, 174.7304002], "Warkworth.": [-36.3984914, 174.6642316], "Wattle Farm.": [0, 0], "Weiti River.": [-36.61951985, 174.6766925347908], "West Harbour.": [-36.8194969, 174.6320913], "Weymouth East.": [-37.0443546, 174.8662689], "Weymouth West.": [-37.0443546, 174.8662689], "Whenuapai West.": [-36.794101, 174.6153747], "Windy Ridge.": [0, 0], "Mangere Bridge.": [-36.9439039, 174.7852413], "Otara North.": [-36.9640945, 174.8769413], "Chelsea.": [-36.816976350000004, 174.72217965599535], "Glen Innes West.": [-36.8755256, 174.8599466], "Mascot.": [-36.976334949999995, 174.8032663192079], "Point Chevalier East.": [-36.8665285, 174.7080874], "Huapai.": [-36.7705274, 174.5423206], "Narrow Neck.": [-36.8161854, 174.8018689], "Walmsley.": [-36.89854845, 174.73023651271723], "Newton.": [-36.8625986, 174.7604753], "Wellsford.": [-36.2949669, 174.5229842], "Bledisloe Park.": [-36.920222949999996, 174.66299971745252], "Highbrook.": [-36.9398614, 174.872242], "Millhouse.": [-36.914946650000005, 174.91847399597424], "Waimauku.": [-36.768641, 174.4873615], "Balmoral.": [-36.8892046, 174.7486941], "Kingsland.": [-36.871195, 174.7439365], "Randwick Park.": [-37.0244167, 174.9178585], "Glenfield Central.": [-36.7802226, 174.7224999], "Grange.": [-36.852095, 174.7631803], "Totara Heights.": [-37.0002235, 174.9035404], "Harania West.": [0, 0], "Meadowbank North.": [-36.8702538, 174.82494], "Forrest Hill.": [-36.7709471, 174.7516542], "Grafton West.": [-36.8622777, 174.767751], "Remuera South.": [-36.8759344, 174.8014178], "Harania East.": [-36.95171445, 174.81250782297036], "Orakei North.": [-36.870288, 174.81441538642713], "Hillsborough East.": [-36.9221753, 174.7532908], "Fruitvale.": [-36.9107946, 174.66745383651897], "Bombay.": [-37.185735, 174.9919061], "Donegal Park.": [-36.9767685, 174.9062193], "Kaukapakapa Rural.": [-36.6151763, 174.4921211], "Otahuhu West.": [-36.9437224, 174.8437243], "Favona South.": [-36.9513699, 174.8078456], "Mt Albert Central.": [-36.8859912, 174.7160423],